{"all": 0.7557458877563477, "ko": 0.8044744729995728, "zh": 0.8211537599563599, "ru": 0.816033124923706, "th": 0.7764853239059448, "te": 0.7217979431152344, "am": 0.030247386544942856, "jv": 0.7652754783630371, "cy": 0.7697247266769409, "hi": 0.74784255027771, "fi": 0.8093277812004089, "mn": 0.7738283276557922, "ur": 0.743554413318634, "km": 0.05822722613811493, "kn": 0.7498339414596558, "sl": 0.7882030010223389, "ro": 0.7968183159828186, "ml": 0.7249410152435303, "he": 0.7914479970932007, "en": 0.8345674872398376, "es": 0.8157263398170471, "da": 0.8140458464622498, "nl": 0.8189074993133545, "ar": 0.7467951774597168, "sv": 0.7951183319091797, "tl": 0.7575544714927673, "is": 0.7968524694442749, "fr": 0.8044651746749878, "my": 0.6361128091812134, "nb": 0.8114504218101501, "id": 0.819868803024292, "az": 0.8228521347045898, "af": 0.7980853915214539, "fa": 0.8037322759628296, "ta": 0.7239536643028259, "de": 0.8017744421958923, "sq": 0.8075577020645142, "pt": 0.8135877847671509, "hu": 0.7911685705184937, "pl": 0.8088218569755554, "lv": 0.8044223785400391, "ja": 0.8172978758811951, "vi": 0.8132496476173401, "bn": 0.724579393863678, "sw": 0.7633810043334961, "it": 0.825264036655426, "el": 0.7862371206283569, "ms": 0.8127567768096924, "hy": 0.757491409778595, "ka": 0.7271837592124939, "tr": 0.777806282043457}