{"all": 0.796429455280304, "ko": 0.838428795337677, "zh": 0.8398652672767639, "ru": 0.8573960661888123, "th": 0.7494080066680908, "te": 0.6702466011047363, "am": 0.7684329748153687, "jv": 0.7573704719543457, "cy": 0.76515793800354, "hi": 0.7289907932281494, "fi": 0.847845196723938, "mn": 0.7967150807380676, "ur": 0.8129233121871948, "km": 0.5142395496368408, "kn": 0.6785783171653748, "sl": 0.8210530281066895, "ro": 0.8443423509597778, "ml": 0.6887195110321045, "he": 0.8236855268478394, "en": 0.8708285689353943, "es": 0.8544018268585205, "da": 0.8384937644004822, "nl": 0.8639000058174133, "ar": 0.7681815028190613, "sv": 0.8491113781929016, "tl": 0.8005595207214355, "is": 0.7949063181877136, "fr": 0.8222785592079163, "my": 0.5276871919631958, "nb": 0.8436310291290283, "id": 0.858919084072113, "az": 0.8533815741539001, "af": 0.8213405013084412, "fa": 0.8639092445373535, "ta": 0.626541256904602, "de": 0.855750322341919, "sq": 0.8338930606842041, "pt": 0.8414400815963745, "hu": 0.8323115110397339, "pl": 0.8392150402069092, "lv": 0.8369936943054199, "ja": 0.8399144411087036, "vi": 0.8248060941696167, "bn": 0.700462281703949, "sw": 0.7870066165924072, "it": 0.8437173962593079, "el": 0.8261076211929321, "ms": 0.8530289530754089, "hy": 0.8061566948890686, "ka": 0.7688016891479492, "tr": 0.8269618153572083}