{"all": 0.8014110922813416, "ko": 0.8314014673233032, "zh": 0.8390969038009644, "ru": 0.8552741408348083, "th": 0.7590735554695129, "te": 0.6877008676528931, "am": 0.7710732817649841, "jv": 0.7730613946914673, "cy": 0.7737995386123657, "hi": 0.7558498382568359, "fi": 0.841679573059082, "mn": 0.8179737329483032, "ur": 0.8010660409927368, "km": 0.5641170144081116, "kn": 0.6987774968147278, "sl": 0.8270513415336609, "ro": 0.8529039621353149, "ml": 0.7200506925582886, "he": 0.8242874145507812, "en": 0.8746931552886963, "es": 0.8420363664627075, "da": 0.8306204080581665, "nl": 0.8491883277893066, "ar": 0.7685943245887756, "sv": 0.8447567820549011, "tl": 0.8073639869689941, "is": 0.7952063083648682, "fr": 0.8281000852584839, "my": 0.6086282134056091, "nb": 0.8411952257156372, "id": 0.8594164848327637, "az": 0.8572480082511902, "af": 0.8290144205093384, "fa": 0.8600976467132568, "ta": 0.6616620421409607, "de": 0.8327016830444336, "sq": 0.8340585827827454, "pt": 0.8453521728515625, "hu": 0.8390694856643677, "pl": 0.8498322367668152, "lv": 0.82457435131073, "ja": 0.840373158454895, "vi": 0.815629780292511, "bn": 0.7229150533676147, "sw": 0.7753419876098633, "it": 0.8387166857719421, "el": 0.818820595741272, "ms": 0.8522911071777344, "hy": 0.8010576963424683, "ka": 0.7725765705108643, "tr": 0.8175001740455627}