{
  "all": 0.8033444285392761,
  "ko": 0.8336948156356812,
  "zh": 0.8262818455696106,
  "ru": 0.8587443828582764,
  "th": 0.766815185546875,
  "te": 0.6881203055381775,
  "am": 0.7904495000839233,
  "jv": 0.8279184103012085,
  "cy": 0.7771586775779724,
  "hi": 0.7611342668533325,
  "fi": 0.8452845215797424,
  "mn": 0.8212765455245972,
  "ur": 0.8114703893661499,
  "km": 0.5083578824996948,
  "kn": 0.6859358549118042,
  "sl": 0.8204333186149597,
  "ro": 0.8329379558563232,
  "ml": 0.6939563155174255,
  "he": 0.8226162195205688,
  "en": 0.8798643946647644,
  "es": 0.8403192758560181,
  "da": 0.8433155417442322,
  "nl": 0.848215639591217,
  "ar": 0.7959402799606323,
  "sv": 0.8490571975708008,
  "tl": 0.8100422620773315,
  "is": 0.8340776562690735,
  "fr": 0.844670832157135,
  "my": 0.514378547668457,
  "nb": 0.839809238910675,
  "id": 0.8592272400856018,
  "az": 0.8345025777816772,
  "af": 0.8393716812133789,
  "fa": 0.8470839262008667,
  "ta": 0.6392015218734741,
  "de": 0.8608254194259644,
  "sq": 0.8438865542411804,
  "pt": 0.837731122970581,
  "hu": 0.8441901206970215,
  "pl": 0.8515642881393433,
  "lv": 0.8640647530555725,
  "ja": 0.8350170850753784,
  "vi": 0.8214735984802246,
  "bn": 0.7100446820259094,
  "sw": 0.8071987628936768,
  "it": 0.8560571670532227,
  "el": 0.8400161266326904,
  "ms": 0.846342921257019,
  "hy": 0.8343269228935242,
  "ka": 0.7786347270011902,
  "tr": 0.8212445974349976
}
